{
  "distance_matrix": [
    [
      0.0,
      0.2704630002905959,
      0.5078451383033852,
      0.6813111769002631,
      0.9170207029617714,
      0.8449564669816529,
      0.25609719827183086,
      1.687216932033751,
      0.5863347722277596
    ],
    [
      0.2704630002905959,
      0.0,
      1.1775712365473059,
      1.2518703139969531,
      1.0151345497383935,
      0.38732077687520505,
      0.7713602117611983,
      1.0237289894575374,
      0.7468905143210443
    ],
    [
      0.5078451383033852,
      1.1775712365473059,
      0.0,
      0.08166628781365459,
      0.5241401390937964,
      1.7475707602957393,
      0.09051017959133256,
      1.9428382700799416,
      1.014847194822622
    ],
    [
      0.6813111769002631,
      1.2518703139969531,
      0.08166628781365459,
      0.0,
      0.2785367699202598,
      1.8344898919381305,
      0.172682839201312,
      1.7541254250126208,
      1.3855669973617104
    ],
    [
      0.9170207029617714,
      1.0151345497383935,
      0.5241401390937964,
      0.2785367699202598,
      0.0,
      1.6861558705286084,
      0.4391080137284017,
      1.2258848193799479,
      1.8238153338780951
    ],
    [
      0.8449564669816529,
      0.38732077687520505,
      1.7475707602957393,
      1.8344898919381305,
      1.6861558705286084,
      0.0,
      1.5429857606843678,
      0.4979469543860763,
      0.49794659813935127
    ],
    [
      0.25609719827183086,
      0.7713602117611983,
      0.09051017959133256,
      0.172682839201312,
      0.4391080137284017,
      1.5429857606843678,
      0.0,
      1.9049175240395577,
      1.0127443556205409
    ],
    [
      1.687216932033751,
      1.0237289894575374,
      1.9428382700799416,
      1.7541254250126208,
      1.2258848193799479,
      0.4979469543860763,
      1.9049175240395577,
      0.0,
      1.2962969843249166
    ],
    [
      0.5863347722277596,
      0.7468905143210443,
      1.014847194822622,
      1.3855669973617104,
      1.8238153338780951,
      0.49794659813935127,
      1.0127443556205409,
      1.2962969843249166,
      0.0
    ]
  ],
  "linkage_matrix": [
    [
      2.0,
      3.0,
      0.08166628781365459,
      2.0
    ],
    [
      6.0,
      9.0,
      0.15204552888669043,
      3.0
    ],
    [
      0.0,
      1.0,
      0.2704630002905959,
      2.0
    ],
    [
      5.0,
      8.0,
      0.49794659813935127,
      2.0
    ],
    [
      4.0,
      10.0,
      0.5148921501720191,
      4.0
    ],
    [
      11.0,
      12.0,
      0.8498534202068964,
      4.0
    ],
    [
      7.0,
      14.0,
      1.4562119513406455,
      5.0
    ],
    [
      13.0,
      15.0,
      2.5850389117255372,
      9.0
    ]
  ],
  "most_similar_pairs": [
    {
      "subject_1": 3,
      "subject_2": 4,
      "distance": 0.08166628781365459
    },
    {
      "subject_1": 3,
      "subject_2": 7,
      "distance": 0.09051017959133256
    },
    {
      "subject_1": 4,
      "subject_2": 7,
      "distance": 0.172682839201312
    },
    {
      "subject_1": 1,
      "subject_2": 7,
      "distance": 0.25609719827183086
    },
    {
      "subject_1": 1,
      "subject_2": 2,
      "distance": 0.2704630002905959
    },
    {
      "subject_1": 4,
      "subject_2": 5,
      "distance": 0.2785367699202598
    },
    {
      "subject_1": 2,
      "subject_2": 6,
      "distance": 0.38732077687520505
    },
    {
      "subject_1": 5,
      "subject_2": 7,
      "distance": 0.4391080137284017
    },
    {
      "subject_1": 6,
      "subject_2": 9,
      "distance": 0.49794659813935127
    },
    {
      "subject_1": 6,
      "subject_2": 8,
      "distance": 0.4979469543860763
    }
  ]
}